{
  "loss": [
    4.992048740386963,
    3.949354410171509,
    3.389411687850952,
    3.015101194381714,
    2.742208480834961,
    2.513742208480835,
    2.2931833267211914,
    2.166147470474243,
    2.0152335166931152,
    1.908320426940918,
    1.792098879814148,
    1.7023361921310425,
    1.6099697351455688,
    1.5119093656539917,
    1.4381197690963745,
    1.39366614818573,
    1.355243444442749,
    1.2824660539627075,
    1.2342041730880737,
    1.1985065937042236,
    1.1328421831130981,
    1.0970089435577393,
    1.0621070861816406,
    1.032595157623291,
    0.9731560349464417,
    0.9356815218925476,
    0.9022696614265442,
    0.897138237953186,
    0.8625692129135132,
    0.8366788029670715
  ],
  "species_accuracy": [
    0.010392701253294945,
    0.01443871483206749,
    0.01150337141007185,
    0.01047203503549099,
    0.010551368817687035,
    0.010234033688902855,
    0.01071003545075655,
    0.010154700838029385,
    0.009361364878714085,
    0.009758032858371735,
    0.00991669949144125,
    0.00967869907617569,
    0.00912336353212595,
    0.01047203503549099,
    0.008964696899056435,
    0.009758032858371735,
    0.009837365709245205,
    0.009599365293979645,
    0.00991669949144125,
    0.00928203109651804,
    0.009758032858371735,
    0.009440697729587555,
    0.009044029749929905,
    0.009758032858371735,
    0.009202697314321995,
    0.009044029749929905,
    0.009440697729587555,
    0.009361364878714085,
    0.010154700838029385,
    0.01007536705583334
  ],
  "species_loss": [
    4.371011257171631,
    3.498706579208374,
    2.978148937225342,
    2.6387839317321777,
    2.3850226402282715,
    2.1772117614746094,
    1.975795865058899,
    1.847198486328125,
    1.7124910354614258,
    1.6221117973327637,
    1.5207922458648682,
    1.4292585849761963,
    1.3672840595245361,
    1.2710868120193481,
    1.2147971391677856,
    1.1704800128936768,
    1.131631851196289,
    1.0737745761871338,
    1.026585340499878,
    0.9973465204238892,
    0.9405970573425293,
    0.9112878441810608,
    0.8819814324378967,
    0.8530170917510986,
    0.8152860999107361,
    0.7859179973602295,
    0.7563823461532593,
    0.7505119442939758,
    0.720211923122406,
    0.7017771601676941
  ],
  "species_top3_acc": [
    0.03760412707924843,
    0.038476794958114624,
    0.026894088834524155,
    0.024038080126047134,
    0.02237207442522049,
    0.024355415254831314,
    0.02475208230316639,
    0.024514080956578255,
    0.023879412561655045,
    0.024355415254831314,
    0.02443474903702736,
    0.02443474903702736,
    0.024672748520970345,
    0.02570408582687378,
    0.02633875422179699,
    0.025148751214146614,
    0.02792542614042759,
    0.024038080126047134,
    0.02649742178618908,
    0.0285600945353508,
    0.02602142095565796,
    0.02903609722852707,
    0.02840142883360386,
    0.02903609722852707,
    0.02681475691497326,
    0.02967076562345028,
    0.029274096712470055,
    0.02665608935058117,
    0.027528759092092514,
    0.02808409370481968
  ],
  "toxicity_accuracy": [
    0.010234033688902855,
    0.01007536705583334,
    0.0103133674710989,
    0.01007536705583334,
    0.010154700838029385,
    0.010234033688902855,
    0.010154700838029385,
    0.0103133674710989,
    0.010392701253294945,
    0.010392701253294945,
    0.01007536705583334,
    0.0103133674710989,
    0.00991669949144125,
    0.010154700838029385,
    0.010392701253294945,
    0.010154700838029385,
    0.010234033688902855,
    0.01007536705583334,
    0.010234033688902855,
    0.009996033273637295,
    0.010392701253294945,
    0.0103133674710989,
    0.010234033688902855,
    0.0103133674710989,
    0.01007536705583334,
    0.010154700838029385,
    0.010234033688902855,
    0.010154700838029385,
    0.009996033273637295,
    0.0103133674710989
  ],
  "toxicity_auc": [
    0.6730328798294067,
    0.7298585772514343,
    0.7484638094902039,
    0.7366797924041748,
    0.712322473526001,
    0.7423795461654663,
    0.6991212368011475,
    0.690328061580658,
    0.691066324710846,
    0.6714855432510376,
    0.692158043384552,
    0.6848647594451904,
    0.6884670257568359,
    0.6880768537521362,
    0.6891021132469177,
    0.6883504390716553,
    0.6797836422920227,
    0.6983885765075684,
    0.6878256797790527,
    0.6625120639801025,
    0.6770901679992676,
    0.6499558091163635,
    0.6750728487968445,
    0.6701794862747192,
    0.6548124551773071,
    0.6509131789207458,
    0.6405850648880005,
    0.6536263227462769,
    0.6480588316917419,
    0.6307730078697205
  ],
  "toxicity_loss": [
    0.2848097085952759,
    0.19910767674446106,
    0.1787807047367096,
    0.16074219346046448,
    0.15063989162445068,
    0.13977597653865814,
    0.1296786516904831,
    0.12996016442775726,
    0.12137337028980255,
    0.11264823377132416,
    0.10474341362714767,
    0.10518630594015121,
    0.08957540988922119,
    0.08822152018547058,
    0.07906049489974976,
    0.07861113548278809,
    0.07842861860990524,
    0.07060106098651886,
    0.06970279663801193,
    0.06612243503332138,
    0.0613396093249321,
    0.05774463713169098,
    0.054628122597932816,
    0.05401173233985901,
    0.042903561145067215,
    0.03868088498711586,
    0.0365741066634655,
    0.03676794469356537,
    0.03450639173388481,
    0.030689628794789314
  ],
  "toxicity_precision": [
    0.9994285702705383,
    0.9995421171188354,
    1.0,
    1.0,
    0.9995571374893188,
    1.0,
    1.0,
    1.0,
    1.0,
    1.0,
    0.9995735883712769,
    1.0,
    0.9991550445556641,
    1.0,
    1.0,
    1.0,
    1.0,
    1.0,
    1.0,
    1.0,
    1.0,
    0.9995864629745483,
    1.0,
    1.0,
    1.0,
    1.0,
    1.0,
    1.0,
    0.9995874762535095,
    1.0
  ],
  "toxicity_recall": [
    0.14015546441078186,
    0.17493389546871185,
    0.17789886891841888,
    0.18102411925792694,
    0.1808638572692871,
    0.18382883071899414,
    0.18567192554473877,
    0.1864732801914215,
    0.18663354218006134,
    0.1869540810585022,
    0.18783555924892426,
    0.1880759745836258,
    0.18951839208602905,
    0.18959853053092957,
    0.18999919295310974,
    0.18951839208602905,
    0.19080054759979248,
    0.19136148691177368,
    0.19120122492313385,
    0.19080054759979248,
    0.19240324199199677,
    0.1936853975057602,
    0.19408605992794037,
    0.19416619837284088,
    0.19400593638420105,
    0.1954483538866043,
    0.19280390441417694,
    0.19464701414108276,
    0.19416619837284088,
    0.19616957008838654
  ],
  "val_loss": [
    4.1552886962890625,
    3.464343547821045,
    2.86419415473938,
    2.5546212196350098,
    2.363365888595581,
    1.9750003814697266,
    1.693049669265747,
    1.6908715963363647,
    1.4805458784103394,
    1.4246056079864502,
    1.406107783317566,
    1.242757797241211,
    1.2216213941574097,
    1.1052613258361816,
    1.0566426515579224,
    1.1248809099197388,
    1.0650465488433838,
    1.027119517326355,
    0.964857280254364,
    0.9522061944007874,
    0.8899251818656921,
    0.9887993931770325,
    1.0464634895324707,
    0.9083486199378967,
    0.7520754933357239,
    0.857606828212738,
    0.8019387722015381,
    0.7765456438064575,
    0.7119061350822449,
    0.7262406945228577
  ],